report_id,source_id,source_name,source_document_title,source_link,source_publication_date,source_retrieved_at,disease_name,disease_type,country_or_territory,is_in_europe,species,cases,dead,killed,slaughtered,vaccinated,confirmation_date,status,relevance_level,relevance_rationale,severity_level,severity_rationale,reach_level,reach_rationale,has_consequences,consequences,control_measures,prevention_measures,research_references
gefluegelnews:100000-legehennen-wegen-newcastle-krankheit-gekeult,gefluegelnews,Gefluegelnews,100.000 Legehennen wegen Newcastle-Krankheit gekeult,https://www.gefluegelnews.de/article/100000-legehennen-wegen-newcastle-krankheit-gekeult,2026-03-03,2026-05-29T09:42:23.262887+00:00,Newcastle disease,viral,Germany,true,laying hens,,,100000,,,,confirmed,high,Outbreak of Newcastle disease in a large commercial poultry farm requiring significant culling and movement restrictions.,high,"The entire flock of 100,000 laying hens was culled due to the infection.",regional,The outbreak affects the Erding district and extends into the neighboring districts of Landshut and Freising.,true,"Establishment and expansion of protection and surveillance zones, mandatory culling of 100,000 hens, and increased veterinary inspections of agricultural holdings.","[""culling of 100,000 laying hens"", ""establishment of protection zones"", ""establishment of surveillance zones"", ""veterinary inspections of poultry farms""]","[{""prevention_type"": ""surveillance"", ""raw_evidence"": ""Geflügelhalter sollten sich umgehend beim Veterinäramt melden, wenn sie Krankheitssymptome in ihren Beständen beobachten, so der Landkreis."", ""text"": ""report symptoms to the veterinary office immediately""}]",[]
gefluegelnews:12-osnabrucker-geflugelsymposium-richtungsweisend,gefluegelnews,Gefluegelnews,12. Osnabrücker Geflügelsymposium: Richtungsweisend,https://www.gefluegelnews.de/article/12-osnabrucker-geflugelsymposium-richtungsweisend,2025-02-05,2026-05-29T09:42:27.139913+00:00,Avian influenza,viral,Germany,true,poultry,,,,,,,ongoing,low,"The text mentions the disease only in the context of a general industry symposium update, stating it currently appears manageable.",low,The report explicitly states that the disease currently appears manageable.,,,false,,,,[]
gefluegelnews:13-osnabrucker-geflugelsymposium-diskussionen-um-impfung-und-keulung,gefluegelnews,Gefluegelnews,13. Osnabrücker Geflügelsymposium: Diskussionen um Impfung und Keulung,https://www.gefluegelnews.de/article/13-osnabrucker-geflugelsymposium-diskussionen-um-impfung-und-keulung,2026-05-26,2026-05-29T09:42:28.097923+00:00,Geflügelpest,viral,Germany,true,geflügel,,,1600000,,,,ongoing,high,The report discusses major outbreaks of HPAI and Newcastle Disease in Germany with significant economic and animal welfare impacts.,high,1.6 million animals were lost to death or culling during the 2025/26 season in Lower Saxony alone.,national,"Outbreaks are reported across multiple German states including Brandenburg, Bavaria, and Lower Saxony.",true,"Massive economic losses, high costs for animal disease funds, emotional burden on staff, and potential impacts on food supply and trade restrictions.","[""culling"", ""bestandsräumung"", ""intensive monitoring of stables"", ""risk-based partial culling""]","[{""prevention_type"": ""biosecurity"", ""raw_evidence"": ""Mit zur weiteren Optimierung bei trägt das verpflichtende Erstellen von Biosicherheits-Managementplänen."", ""text"": ""Biosicherheits-Managementpläne""}, {""prevention_type"": ""vaccination"", ""raw_evidence"": ""In Deutschland besteht zudem Impfpflicht gegen ND."", ""text"": ""Impfpflicht gegen Newcastle Disease""}, {""prevention_type"": ""vaccination"", ""raw_evidence"": ""So soll möglichst bald ein Feldversuch mit der Impfung von Gänsen starten."", ""text"": ""Feldversuch mit der Impfung von Gänsen""}]",[]
gefluegelnews:145-ausgesetzte-mastkuken-leipziger-polizei-und-tierheim-im-rettungseinsatz,gefluegelnews,Gefluegelnews,145 ausgesetzte Mastküken: Leipziger Polizei und Tierheim im Rettungseinsatz,https://www.gefluegelnews.de/article/145-ausgesetzte-mastkuken-leipziger-polizei-und-tierheim-im-rettungseinsatz,2025-03-05,2026-05-29T09:42:28.975713+00:00,Avian influenza,viral,Germany,true,chickens,,,,,,,,low,The report explicitly states there is no connection between the abandoned chicks and the ongoing avian influenza outbreak in the region.,low,The incident involves animal abandonment rather than a disease outbreak among the animals.,local,The incident is confined to the town of Schkeuditz.,true,The owner of the chicks has been identified and is facing an administrative offense proceeding for animal abandonment.,[],[],[]
gefluegelnews:36-millionen-euro-mehr-fur-die-tierseuchenkasse-sind-ein-foulspiel-gegen-geflugelhalter,gefluegelnews,Gefluegelnews,"„3,6 Millionen Euro mehr für die Tierseuchenkasse sind ein Foulspiel gegen Geflügelhalter""",https://www.gefluegelnews.de/article/36-millionen-euro-mehr-fur-die-tierseuchenkasse-sind-ein-foulspiel-gegen-geflugelhalter,2022-10-06,2026-05-29T09:42:48.635174+00:00,Avian influenza,viral,Germany,true,poultry,,,,,,,ongoing,medium,"The report discusses the financial impact and policy challenges of managing ongoing avian influenza outbreaks in Lower Saxony, Germany.",medium,The text describes a severe outbreak requiring ongoing management and significant financial burden for poultry farmers.,regional,The outbreak and specific policy concerns are centered on the state of Lower Saxony.,true,Reduction of EU co-financing for disease outbreaks from 50% to 30% creates a financial burden of 3.6 million euros for German poultry farmers and threatens their economic existence.,[],[],[]
gefluegelnews:426-eier-pro-henne-in-90-wochen-schottische-neueinsteiger-meistern-legehennenhaltung,gefluegelnews,Gefluegelnews,426 Eier pro Henne in 90 Wochen: Schottische Neueinsteiger meistern Legehennenhaltung,https://www.gefluegelnews.de/article/426-eier-pro-henne-in-90-wochen-schottische-neueinsteiger-meistern-legehennenhaltung,2025-06-03,2026-05-29T09:42:52.358868+00:00,,,United Kingdom,true,chickens,,,,,,,,low,The report describes a successful poultry farm management strategy and does not report an active disease outbreak.,,,,,false,,,"[{""prevention_type"": ""vaccination"", ""raw_evidence"": ""Alle Tiere stammen aus einem Jahrgang und werden mit einem standardisierten „Fünf-in-Eins“-Impfplan behandelt – darunter Impfstoffe gegen Salmonellen, E. coli und infektiöse Bronchitis."", ""text"": ""standardized five-in-one vaccination plan""}, {""prevention_type"": ""biosecurity"", ""raw_evidence"": ""Gründliche Reinigung und Desinfektion nach jedem Durchgang, keine anderen Tiere auf dem Betrieb sowie die ausschließliche Nutzung von Silagegras tragen zum hohen Gesundheitsstatus bei."", ""text"": ""thorough cleaning and disinfection after each cycle""}, {""prevention_type"": ""biosecurity"", ""raw_evidence"": ""Hinzu kommen konsequente Hygienemaßnahmen wie das Desinfizieren von Schuhwerk, Händewaschen, eingeschränkter Zugang zu den Ställen und die Reinigung aller Fahrzeuge."", ""text"": ""disinfection of footwear, hand washing, restricted access to barns, and cleaning of all vehicles""}]",[]
gefluegelnews:8600-tiere-gekeult-wie-die-vogelgrippe-einen-hof-in-brandenburg-an-den-rand-der-belastbarkeit-brachte,gefluegelnews,Gefluegelnews,8600 Tiere gekeult: Wie die Vogelgrippe einen Hof in Brandenburg an den Rand der Belastbarkeit brachte,https://www.gefluegelnews.de/article/8600-tiere-gekeult-wie-die-vogelgrippe-einen-hof-in-brandenburg-an-den-rand-der-belastbarkeit-brachte,2026-02-08,2026-05-29T09:43:10.128943+00:00,Avian influenza,viral,Germany,true,geese and ducks,,,8600,,,,confirmed,high,Outbreak of highly pathogenic H5N1 in a commercial poultry farm causing significant economic impact.,high,"Entire stock of 8,600 geese and ducks was culled due to the infection.",local,The outbreak was contained within a single farm in Brandenburg.,true,"Economic loss in the six-figure range, loss of the entire Christmas season business, and high costs for mandatory disinfection.","[""culling of 8,600 geese and ducks"", ""disinfection of surfaces, stables, and equipment""]",[],[]
gefluegelnews:abhangigkeit-von-china-gefahrdet-futtermittelversorgung-dvt-fordert-politisches-handeln,gefluegelnews,Gefluegelnews,Abhängigkeit von China gefährdet Futtermittelversorgung: DVT fordert politisches Handeln,https://www.gefluegelnews.de/article/abhangigkeit-von-china-gefahrdet-futtermittelversorgung-dvt-fordert-politisches-handeln,2025-12-10,2026-05-29T09:43:14.853913+00:00,,,,,,,,,,,,,low,The text mentions animal diseases only as a general factor expected to impact business performance in the fourth quarter without specifying a particular disease or outbreak.,,,,,false,,,[],[]
gefluegelnews:ablehnende-haltung-zur-impfung-gegen-vogelgrippe-kippt-weltweit,gefluegelnews,Gefluegelnews,Ablehnende Haltung zur Impfung gegen Vogelgrippe kippt weltweit,https://www.gefluegelnews.de/article/ablehnende-haltung-zur-impfung-gegen-vogelgrippe-kippt-weltweit,2023-02-23,2026-05-29T09:43:15.837680+00:00,Avian influenza,viral,,true,poultry,,,,,,,ongoing,high,The report discusses the global shift in vaccination policy for highly pathogenic avian influenza due to its endemic potential and economic impact.,high,More than 200 million animals have died or been culled globally since early 2022.,international,"The report describes a global phenomenon affecting multiple continents including Europe, North America, and South America.",true,Economic losses from mass culling of poultry and potential trade barriers for countries adopting vaccination policies.,"[""culling""]","[{""prevention_type"": ""vaccination"", ""raw_evidence"": ""Angesichts der Vogelgrippe (Aviäre Influenza, AI), die weltweit Millionen von Opfern gefordert hat, überdenken immer mehr Länder ihre ablehnende Haltung gegenüber Impfungen."", ""text"": ""vaccination""}]",[]
gefluegelnews:achtung-fehlender-biosicherheitsplan-kann-richtig-viel-geld-kosten,gefluegelnews,Gefluegelnews,Achtung: Fehlender Biosicherheitsplan kann richtig viel Geld kosten!,https://www.gefluegelnews.de/article/achtung-fehlender-biosicherheitsplan-kann-richtig-viel-geld-kosten,2025-10-17,2026-05-29T09:43:20.554633+00:00,Avian influenza,viral,Germany,true,turkeys,,,,,,,confirmed,high,Outbreak of highly pathogenic avian influenza in a major poultry-producing region in Germany.,medium,"An outbreak occurred in a turkey farm in a poultry production hotspot, triggering financial warnings for the industry.",regional,"The outbreak is localized to a specific farm in the municipality of Garrel, Lower Saxony.",true,Risk of up to 25% reduction in compensation payments for poultry farmers who fail to provide a biosecurity management plan by 2026.,,"[{""prevention_type"": ""biosecurity"", ""raw_evidence"": ""Die Niedersächsische Tierseuchenkasse weist deshalb noch einmal dringlich darauf hin, dass alle Geflügelhalter zum 1. Januar 2026 einen Biosicherheits-Managementplan für ihren Betrieb vorlegen müssen."", ""text"": ""Establishment of a biosecurity management plan for poultry farms""}]",[]
gefluegelnews:achtung-so-teuer-konnen-verstosse-gegen-die-stallpflicht-werden,gefluegelnews,Gefluegelnews,Achtung: So teuer können Verstösse gegen die Stallpflicht werden!,https://www.gefluegelnews.de/article/achtung-so-teuer-konnen-verstosse-gegen-die-stallpflicht-werden,2026-01-21,2026-05-29T09:43:22.410987+00:00,Avian influenza,viral,Germany,true,chickens and ducks,5,7,22,,,,confirmed,medium,Outbreak of avian influenza in a small poultry holding in Germany with implications for biosecurity compliance.,low,Small-scale outbreak involving 29 birds in a private holding.,local,The outbreak is confined to a private small-scale holding on the Eiderstedt peninsula.,true,"Violations of the mandatory housing order can result in fines of up to 30,000 euros and loss of compensation claims from the animal disease fund.","[""mandatory housing order (Stallpflicht)"", ""culling of remaining birds""]","[{""prevention_type"": ""movement_control"", ""raw_evidence"": ""Im Landkreis Nordfriesland gilt seit dem 29. Oktober 2025 eine Allgemeinverfügung, nach der eine Aufstallung aller gehaltenen Vögel in einem Radius von drei Kilometern um die Küsten und größeren Gewässer anordnet wird."", ""text"": ""mandatory housing of all kept birds within a 3km radius of coasts and larger bodies of water""}, {""prevention_type"": ""biosecurity"", ""raw_evidence"": ""Laut dem Veterinäramt des Landkreises zeige dies, wie wichtig die Aufstallung als Bestandteil der Biosicherheitsmaßnahmen sei, um die eigenen Tiere vor der Erkrankung zu schützen."", ""text"": ""biosecurity measures""}]",[]
gefluegelnews:agrar-unternehmertage-2026-in-munster-25000-besucher-klare-signale-fur-stallumbau-und-zukunftsstrategien,gefluegelnews,Gefluegelnews,"AGRAR Unternehmertage 2026 in Münster: 25.000 Besucher, klare Signale für Stallumbau und Zukunftsstrategien",https://www.gefluegelnews.de/article/agrar-unternehmertage-2026-in-munster-25000-besucher-klare-signale-fur-stallumbau-und-zukunftsstrategien,2026-02-09,2026-05-29T09:43:27.062082+00:00,,,Germany,true,,,,,,,,,low,The text describes a trade fair for agriculture and does not report an actual disease outbreak.,,,,,false,,,[],[]
gefluegelnews:ai-impfdurchbruch-keine-uberraschung-fur-die-wissenschaft,gefluegelnews,Gefluegelnews,AI-Impfdurchbruch: Keine Überraschung für die Wissenschaft,https://www.gefluegelnews.de/article/ai-impfdurchbruch-keine-uberraschung-fur-die-wissenschaft,2024-01-15,2026-05-29T09:44:14.927521+00:00,Avian influenza,viral,France,true,ducks,,,,,,,ongoing,high,"The report discusses vaccine breakthrough infections in a major poultry-producing European country, impacting regional disease control strategies.",medium,"Infections occurred in vaccinated flocks requiring culling, though the vaccine is noted to reduce viral shedding and transmission risk.",regional,"The outbreak is localized to specific duck farms in France, though the implications for vaccination strategy are discussed at the EU level.",true,"Immense economic damage from previous outbreaks, costs associated with culling infected flocks, and potential trade restrictions.","[""culling of infected flocks"", ""vaccination of ducks"", ""surveillance of vaccinated flocks""]","[{""prevention_type"": ""vaccination"", ""raw_evidence"": ""Deshalb hat Frankreich im vergangenen Herbst mit einer großangelegten Kampagne zur Impfung von Enten gegen die Geflügelpest begonnen."", ""text"": ""vaccination of poultry""}, {""prevention_type"": ""surveillance"", ""raw_evidence"": ""Bei allen anderen Maßnahmen - etwa der Früherkennung und Biosicherheit - darf natürlich auf keinen Fall nachgelassen werden."", ""text"": ""early detection""}, {""prevention_type"": ""biosecurity"", ""raw_evidence"": ""Bei allen anderen Maßnahmen - etwa der Früherkennung und Biosicherheit - darf natürlich auf keinen Fall nachgelassen werden."", ""text"": ""biosecurity""}]",[]
gefluegelnews:ai-monitoring-in-putenbestanden-erfolgreich-etabliert,gefluegelnews,Gefluegelnews,AI-Monitoring in Putenbeständen erfolgreich etabliert,https://www.gefluegelnews.de/article/ai-monitoring-in-putenbestanden-erfolgreich-etabliert,2022-08-25,2026-05-29T09:44:15.895875+00:00,Avian influenza,viral,Germany,true,turkeys,,,1200000,,,,ongoing,high,The report discusses a significant and recurring threat of highly pathogenic avian influenza to the poultry industry in Germany and Europe.,high,"Massive losses occurred in the 2020/2021 season, with 1.2 million animals killed in Lower Saxony alone.",regional,"The primary data analysis focuses on the districts of Cloppenburg and Oldenburg in Lower Saxony, Germany.",true,Massive economic losses due to the culling of 1.2 million animals in the 2020/2021 season and the subsequent implementation of industry-wide monitoring systems.,"[""culling of animal stocks"", ""AI-monitoring (testing of drinking water and fallen stock)""]","[{""prevention_type"": ""biosecurity"", ""raw_evidence"": ""Abgefragt wurde auch, welche Biosicherheitsmaßnahmen an den Standorten gefahren werden: Gibt es eine Hygieneschleuse vor jedem Stall"", ""text"": ""implementation of hygiene locks before every stable""}, {""prevention_type"": ""biosecurity"", ""raw_evidence"": ""Wird vor jedem Stall ein Kleidungswechsel vollzogen?"", ""text"": ""clothing changes before entering stables""}, {""prevention_type"": ""biosecurity"", ""raw_evidence"": ""Es wurde zudem nach der Bauweise und der Lüftung der Ställe gefragt (Offenstall oder geschlossener Stall)."", ""text"": ""use of closed stables instead of open stables with blinds""}]",[]
gefluegelnews:aktuelle-desinfektionsrichtlinie-fur-tierseuchen-online,gefluegelnews,Gefluegelnews,Aktuelle Desinfektionsrichtlinie für Tierseuchen online,https://www.gefluegelnews.de/article/aktuelle-desinfektionsrichtlinie-fur-tierseuchen-online,2023-04-03,2026-05-29T09:44:18.718061+00:00,,,Germany,true,,,,,,,,,low,The report discusses updated disinfection guidelines for animal diseases rather than an active outbreak.,,,,,false,,,[],[]
gefluegelnews:aktuelle-forschungsergebnisse-aus-den-usa-wie-werden-huhner-widerstandsfahiger-gegen-vogelgrippe,gefluegelnews,Gefluegelnews,Aktuelle Forschungsergebnisse aus den USA: Wie werden Hühner widerstandsfähiger gegen Vogelgrippe?,https://www.gefluegelnews.de/article/aktuelle-forschungsergebnisse-aus-den-usa-wie-werden-huhner-widerstandsfahiger-gegen-vogelgrippe,2025-08-05,2026-05-29T09:44:20.478690+00:00,Avian influenza,viral,United States,false,chickens,,,,,,,,low,The report discusses scientific research on genetic resistance to avian influenza rather than an active outbreak.,,,,,false,,,"[{""prevention_type"": ""biosecurity"", ""raw_evidence"": ""Auf diese Weise können Hühner gezüchtet werden, die resistenter gegen Krankheiten sind, ohne dass fremde DNA hinzugefügt wird."", ""text"": ""breeding chickens to be more resistant to diseases using CRISPR technology""}]",[]
gefluegelnews:aktuelles-interview-geflugelhalter-in-niedersachsen-fluch-oder-segen,gefluegelnews,Gefluegelnews,Aktuelles Interview: Geflügelhalter in Niedersachsen - Fluch oder Segen?,https://www.gefluegelnews.de/article/aktuelles-interview-geflugelhalter-in-niedersachsen-fluch-oder-segen,2025-11-21,2026-05-29T09:44:24.145347+00:00,Avian influenza,viral,Germany,true,poultry,,,,,,,ongoing,high,"The report discusses a significant outbreak of avian influenza in Lower Saxony, Germany's primary poultry-producing region.",high,Large numbers of poultry have been culled as a precautionary measure in response to 61 outbreaks in the region.,regional,"The outbreak is concentrated in Lower Saxony, specifically the Cloppenburg district.",true,"Economic impact due to precautionary culling of large numbers of animals, trade restrictions, and ongoing political debate regarding animal density and farm management.","[""precautionary culling of poultry"", ""rescheduling of slaughter dates"", ""wiedereinstallungsverbot (re-stocking ban) in Cloppenburg district""]","[{""prevention_type"": ""vaccination"", ""raw_evidence"": ""Wir wollen jetzt vom NGW versuchen, eine Feldstudie mit Gänsen anzustoßen."", ""text"": ""field study on vaccination for geese""}, {""prevention_type"": ""biosecurity"", ""raw_evidence"": ""Die Biosicherheit in den Betrieben ist in den vergangenen Jahren massiv hochgefahren worden."", ""text"": ""enhanced biosecurity""}, {""prevention_type"": ""biosecurity"", ""raw_evidence"": ""Für die Zukunft werden auch neue Ansätze wie etwa eine Zuluftfilterung in Putenställen näher zu betrachten sein."", ""text"": ""inlet air filtration in turkey barns""}]",[]
gefluegelnews:aktuelles-zur-tierseuchenversicherung,gefluegelnews,Gefluegelnews,Aktuelles zur Tierseuchenversicherung,https://www.gefluegelnews.de/article/aktuelles-zur-tierseuchenversicherung,2022-04-04,2026-05-29T09:44:25.101250+00:00,Avian influenza,viral,Germany,true,poultry,,,,,,,ongoing,high,Widespread H5N1 outbreaks in poultry farms across Germany causing significant economic impact and insurance challenges.,high,The disease causes high mortality in birds and severe financial losses for the poultry sector due to culling and movement restrictions.,international,The report mentions the disease circulating across Europe and references EU-wide regulations regarding control zones.,true,"Significant financial losses for the poultry sector, increased insurance premiums, restrictive underwriting, and potential contract terminations for affected farms.","[""stallpflicht (mandatory indoor housing)"", ""sperrzone (3 km protection zone and 10 km surveillance zone)"", ""einstallungsverbote (restocking bans)""]","[{""prevention_type"": ""biosecurity"", ""raw_evidence"": ""eine ergänzende Tier-Ertragsschadenversicherung kann im Schadensfall existenziell wichtig sein!"", ""text"": ""Obtaining supplementary animal yield loss insurance""}]",[]
gefluegelnews:alarm-in-grafschaft-bentheim-vogelgrippe-bedroht-millionen-tiere,gefluegelnews,Gefluegelnews,Alarm in Grafschaft Bentheim: Vogelgrippe bedroht Millionen Tiere,https://www.gefluegelnews.de/article/alarm-in-grafschaft-bentheim-vogelgrippe-bedroht-millionen-tiere,2025-01-27,2026-05-29T09:44:26.953598+00:00,Avian influenza,viral,Germany,true,laying hens,,,30000,,,2025-01-24,confirmed,high,Highly pathogenic H5N1 outbreak in a high-density poultry farming region with 2.3 million birds at risk.,high,"Entire flock of 30,000 laying hens was culled due to HPAI H5N1 infection.",regional,The outbreak affects multiple districts and involves cross-border coordination with the Netherlands.,true,"Establishment of protection and surveillance zones affecting 300 farms, prohibition of poultry and egg transport, and mandatory indoor housing orders.","[""culling of 30,000 birds"", ""3km protection zone"", ""10km surveillance zone"", ""prohibition of poultry transport"", ""prohibition of egg and product transport"", ""mandatory indoor housing (Aufstallung)"", ""prohibition of partial depopulation (Teilausstallung)"", ""epidemiological investigation and sampling of surrounding farms"", ""establishment of a joint animal disease logistics center"", ""decontamination of vehicles and equipment""]","[{""prevention_type"": ""biosecurity"", ""raw_evidence"": ""Kreisveterinär Kramer appelliert an die Geflügelhalterinnen und -halter, die Biosicherheitsmaßnahmen auf den Betrieben unbedingt einzuhalten."", ""text"": ""strict adherence to biosecurity measures""}]",[]
gefluegelnews:alles-was-wir-tun-muss-etwas-bringen,gefluegelnews,Gefluegelnews,"„Alles, was wir tun, muss etwas bringen“",https://www.gefluegelnews.de/article/alles-was-wir-tun-muss-etwas-bringen,2023-08-07,2026-05-29T09:44:38.115775+00:00,Avian influenza,viral,Netherlands,true,chickens,,,,,,,,low,"The text mentions avian influenza only as a potential risk factor for a farm due to nearby wild birds, not as an active outbreak.",,,,,false,,,[],[]
gefluegelnews:am-getreidemarkt-bleibt-es-turbulent,gefluegelnews,Gefluegelnews,Am Getreidemarkt bleibt es turbulent,https://www.gefluegelnews.de/article/am-getreidemarkt-bleibt-es-turbulent,2022-05-26,2026-05-29T09:44:44.495466+00:00,,,,,,,,,,,,,low,"The text discusses market turbulence and supply chain issues related to the Ukraine war, not a biological disease outbreak.",,,,,false,,,,[]
gefluegelnews:angriffe-gegen-die-geflugel-tierseuchenkasse,gefluegelnews,Gefluegelnews,Angriffe gegen die Geflügel-Tierseuchenkasse,https://www.gefluegelnews.de/article/angriffe-gegen-die-geflugel-tierseuchenkasse,2025-03-14,2026-05-29T09:44:53.697193+00:00,Avian influenza,viral,Germany,true,poultry,,,,,,,,low,The report focuses on administrative issues regarding a new poultry disease fund in Rhineland-Palatinate rather than an active outbreak.,low,The text mentions past cases in hobby holdings but describes no current active outbreak or significant mortality.,local,The report is limited to administrative developments and historical case references within the German state of Rhineland-Palatinate.,true,"Establishment of a mandatory poultry disease fund in Rhineland-Palatinate, leading to public backlash, verbal abuse of staff, and mandatory annual reporting of poultry stocks.",[],"[{""prevention_type"": ""surveillance"", ""raw_evidence"": ""Künftig muss zum 1. Januar eines jeden Jahres der durchschnittliche Jahresbestand an Geflügel an die Tierseuchenkasse gemeldet werden."", ""text"": ""mandatory annual reporting of poultry stocks to the animal disease fund""}, {""prevention_type"": null, ""raw_evidence"": ""Helga Futterknecht legte den Mitgliedern zur Weiterbildung das Netzwerk „Fokus Tierwohl“ ans Herz."", ""text"": ""use of the 'Fokus Tierwohl' network for further education""}]",[]
gefluegelnews:appell-flexible-losungen-in-der-landwirtschaft-unterstutzen,gefluegelnews,Gefluegelnews,Appell: Flexible Lösungen in der Landwirtschaft unterstützen!,https://www.gefluegelnews.de/article/appell-flexible-losungen-in-der-landwirtschaft-unterstutzen,2023-02-04,2026-05-29T09:45:10.835356+00:00,Avian influenza,viral,Germany,true,geese,,,,,,,confirmed,medium,The report mentions a recent culling of a goose breeding stock due to avian influenza (Vogelgrippe) in Germany.,high,The entire breeding stock of the farm was culled.,local,The outbreak is reported on a single farm in Lohne.,true,The farmer had to cull her entire breeding stock and is currently struggling to obtain adequate financial compensation.,"[""Keulung""]",[],[]
gefluegelnews:april-2024-vogelgrippe-und-putenhaltung-im-rampenlicht,gefluegelnews,Gefluegelnews,April 2024: Vogelgrippe und Putenhaltung im Rampenlicht,https://www.gefluegelnews.de/article/april-2024-vogelgrippe-und-putenhaltung-im-rampenlicht,2024-12-19,2026-05-29T09:45:11.766274+00:00,Avian influenza,viral,France,true,ducks,,,,,21000000,,ongoing,high,The report discusses ongoing large-scale vaccination campaigns and disease control efforts for highly pathogenic avian influenza in France.,medium,The number of disease cases in livestock holdings in France has noticeably decreased due to vaccination efforts.,national,The vaccination campaign is implemented nationwide across France targeting millions of ducks.,true,Implementation of a massive vaccination campaign and the necessity of monitoring programs to secure trade in poultry products.,"[""vaccination campaign""]","[{""prevention_type"": ""vaccination"", ""raw_evidence"": ""Die Europäische Behörde für Lebensmittelsicherheit (EFSA) sieht Impfungen als Ergänzung zu Biosicherheitsmaßnahmen."", ""text"": ""vaccination""}, {""prevention_type"": ""biosecurity"", ""raw_evidence"": ""Die Europäische Behörde für Lebensmittelsicherheit (EFSA) sieht Impfungen als Ergänzung zu Biosicherheitsmaßnahmen."", ""text"": ""biosafety measures""}, {""prevention_type"": ""surveillance"", ""raw_evidence"": ""Ein begleitendes Überwachungsprogramm ist unerlässlich, um Seuchenfreiheit sicherzustellen und den Handel mit Geflügelprodukten abzusichern."", ""text"": ""accompanying monitoring program""}]",[]
gefluegelnews:arbeitsgruppe-geflugel-landvolk-niedersachsen-schafft-neue-plattform,gefluegelnews,Gefluegelnews,Arbeitsgruppe Geflügel: Landvolk Niedersachsen schafft neue Plattform,https://www.gefluegelnews.de/article/arbeitsgruppe-geflugel-landvolk-niedersachsen-schafft-neue-plattform,2025-03-18,2026-05-29T09:45:13.612606+00:00,Avian influenza,viral,Germany,true,poultry,,,,,,,,low,"The text mentions avian influenza only in the context of a successful past winter season due to hygiene measures, with no active outbreak reported.",low,The report states that the region has come through the winter lightly regarding avian influenza.,,,false,,[],"[{""prevention_type"": ""biosecurity"", ""raw_evidence"": ""Es haben sich alle an die strengen Hygienemaßnahmen gehalten."", ""text"": ""strict hygiene measures""}]",[]
gefluegelnews:asp-droht-flachenbrand-in-hessen,gefluegelnews,Gefluegelnews,ASP: Droht Flächenbrand in Hessen?,https://www.gefluegelnews.de/article/asp-droht-flachenbrand-in-hessen,2024-07-24,2026-05-29T09:45:14.583971+00:00,African swine fever,viral,Germany,true,pigs,,,,,,,ongoing,high,African swine fever is a highly contagious and economically devastating disease for the pig industry.,high,Multiple outbreaks in domestic pig herds and high virus load in the region indicate a severe situation.,regional,The outbreaks are concentrated in the district of Groß-Gerau in Hesse.,true,Implementation of restrictions on the population and ongoing intensive search operations for carcasses in a designated core area.,"[""daily health monitoring of pig herds"", ""reporting of clinical signs to the veterinary office"", ""establishment of a core area and infected zone"", ""installation of electric fences"", ""carcass search using dogs and drones""]","[{""prevention_type"": ""surveillance"", ""raw_evidence"": ""forderte das hessische Landwirtschaftsministerium alle schweinehaltenden Betriebe in der Region auf, ihre Bestände täglich auf Krankheitserscheinungen hin zu untersuchen"", ""text"": ""daily examination of pig stocks for signs of disease""}, {""prevention_type"": ""movement_control"", ""raw_evidence"": ""Deshalb ist es so wichtig, dass die gesamte Bevölkerung sich an die geltenden Restriktionen halte"", ""text"": ""adherence to applicable restrictions by the population""}]",[]
gefluegelnews:auch-bei-puten-stress-schlagt-auf-den-magen,gefluegelnews,Gefluegelnews,Auch bei Puten: Stress schlägt auf den Magen,https://www.gefluegelnews.de/article/auch-bei-puten-stress-schlagt-auf-den-magen,2024-01-22,2026-05-29T09:45:15.480082+00:00,,,,,Puten,,,,,,,,low,The text is a general advisory article on turkey gut health and management practices rather than a report on a specific disease outbreak.,,,,,false,,[],"[{""prevention_type"": ""biosecurity"", ""raw_evidence"": ""Daher ist die Einhaltung von Biosicherheit auch in Hinblick auf die Darmgesundheit von Bedeutung."", ""text"": ""Einhaltung von Biosicherheit""}, {""prevention_type"": ""biosecurity"", ""raw_evidence"": ""Der Stall kann in der Serviceperiode gereinigt und desinfiziert werden."", ""text"": ""Reinigung und Desinfektion des Stalls in der Serviceperiode""}, {""prevention_type"": ""biosecurity"", ""raw_evidence"": ""Für Viren und Bakterien sollten DVG-geprüfte Desinfektionsmittel verwendet werden."", ""text"": ""Verwendung von DVG-geprüften Desinfektionsmitteln""}, {""prevention_type"": ""biosecurity"", ""raw_evidence"": ""Die Einstreu- sowie die Tränkwasserhygiene, Futterlagerung und Silohygiene spielen dabei eine wichtige Rolle."", ""text"": ""Einstreu- sowie Tränkwasserhygiene, Futterlagerung und Silohygiene""}]",[]
gefluegelnews:auch-eier-mussen-teurer-werden,gefluegelnews,Gefluegelnews,Auch Eier müssen teurer werden!,https://www.gefluegelnews.de/article/auch-eier-mussen-teurer-werden,2022-08-12,2026-05-29T09:45:16.449207+00:00,Avian influenza,viral,Germany,true,laying hens,,,,,,,suspected,high,Outbreak of avian influenza in a major egg production region in Germany.,medium,Precautionary culling of multiple poultry stocks is underway in Vechta.,regional,The outbreak is currently focused on the district of Vechta in Lower Saxony.,true,Precautionary clearing of multiple poultry stocks in Vechta and potential impact on egg availability and prices.,"[""precautionary clearing of multiple poultry stocks""]",[],[]
gefluegelnews:auch-fur-neue-hennenstalle-ist-ai-versicherung-gefragt,gefluegelnews,Gefluegelnews,"""Auch für neue Hennenställe ist AI-Versicherung gefragt!""",https://www.gefluegelnews.de/article/auch-fur-neue-hennenstalle-ist-ai-versicherung-gefragt,2024-09-19,2026-05-29T09:45:17.442445+00:00,Avian influenza,viral,Germany,true,poultry,,,,,,,,low,The text discusses insurance coverage for potential future outbreaks rather than reporting an active outbreak.,,,,,true,Previous outbreaks in Weser-Ems led to insurance providers issuing subscription bans for coverage.,,[],[]
gefluegelnews:auf-dem-eiermarkt-zieht-die-industrie-den-karren-aus-dem-dreck,gefluegelnews,Gefluegelnews,"„Auf dem Eiermarkt zieht die Industrie den Karren aus dem Dreck""",https://www.gefluegelnews.de/article/auf-dem-eiermarkt-zieht-die-industrie-den-karren-aus-dem-dreck,2022-10-05,2026-05-29T09:45:20.431228+00:00,Avian influenza,viral,Netherlands,true,chickens,,,,,,,ongoing,medium,The report discusses the economic impact of avian influenza outbreaks on the European egg market supply.,medium,The disease is causing a significant reduction in egg supply across Europe due to numerous outbreaks.,international,The report explicitly mentions the impact of the disease on the egg supply across Europe.,true,Significant reduction in egg supply across Europe leading to high egg prices and market shifts.,"[""Stallpflicht""]",[],[]
gefluegelnews:aufstallungspflicht-in-ganz-england-wegen-geflugelpest,gefluegelnews,Gefluegelnews,Aufstallungspflicht in ganz England wegen Geflügelpest,https://www.gefluegelnews.de/article/aufstallungspflicht-in-ganz-england-wegen-geflugelpest,2022-11-03,2026-05-29T09:45:42.661883+00:00,Avian influenza,viral,United Kingdom,true,poultry,,,,,,,ongoing,high,"The UK government has declared the largest outbreak of avian influenza ever recorded, with a 'very high' risk level for wild birds.",high,The outbreak is described as the largest ever recorded in the country with rapidly increasing cases across farms and private holdings.,national,The mandatory housing order applies to all of England.,true,"Mandatory housing order for all poultry and hobby flocks across England starting November 7, 2022.","[""mandatory housing order for all poultry and hobby flocks in England""]","[{""prevention_type"": ""biosecurity"", ""raw_evidence"": ""Sie forderte alle Geflügelhalter auf, Maßnahmen zum Schutz der Tiere zu ergreifen"", ""text"": ""take measures to protect animals""}, {""prevention_type"": ""surveillance"", ""raw_evidence"": ""Kontakt zum Tierarzt zu suchen"", ""text"": ""contact a veterinarian""}, {""prevention_type"": ""biosecurity"", ""raw_evidence"": ""die Unterbringungsmöglichkeiten zu erweitern"", ""text"": ""expand housing facilities""}]",[]
gefluegelnews:aus-alt-macht-neu-das-zauberwort-heisst-coating,gefluegelnews,Gefluegelnews,Aus alt macht neu: Das Zauberwort heißt Coating,https://www.gefluegelnews.de/article/aus-alt-macht-neu-das-zauberwort-heisst-coating,2026-05-27,2026-05-29T09:45:51.332655+00:00,,,Germany,true,chickens,,,,,,,,low,"The text is a technical article about floor coating in poultry houses, mentioning diseases only as a general motivation for biosecurity.",,,,,false,,[],"[{""prevention_type"": ""biosecurity"", ""raw_evidence"": ""Abhilfe schafft eine Neubeschichtung des Bodens, das Zauberwort heißt Coating."", ""text"": ""Neubeschichtung des Bodens (Coating)""}, {""prevention_type"": ""biosecurity"", ""raw_evidence"": ""Wichtig ist, den gereinigten Boden vorher mit Phosphorsäure zu behandeln, dabei lösen sich viele Partikel auf der Oberfläche und der Beton wird aufnahmefähiger für das Epoxidharz."", ""text"": ""Behandlung des Bodens mit Phosphorsäure vor der Beschichtung""}]",[]
gefluegelnews:aus-solidaritat-zu-lidl-landwirten,gefluegelnews,Gefluegelnews,„Aus Solidarität zu Lidl-Landwirten“,https://www.gefluegelnews.de/article/aus-solidaritat-zu-lidl-landwirten,2023-05-31,2026-05-29T09:45:53.146461+00:00,Avian influenza,viral,Germany,true,chickens,,,,,,,,medium,The report discusses the economic impact of mandatory housing orders due to avian influenza on poultry farmers.,low,The text focuses on the economic response to housing orders rather than mortality or clinical outbreak data.,local,The report describes general impacts on farmers without specifying a geographic scale of the outbreak.,true,"Mandatory indoor housing of free-range hens due to avian influenza, leading to legal reclassification of eggs and economic support from a retailer.","[""mandatory indoor housing (Aufstallung)""]",,[]
gefluegelnews:ausbreitung-tierseuchen-auch-schweinehalter-sorgen-sich,gefluegelnews,Gefluegelnews,Ausbreitung Tierseuchen: Auch Schweinehalter sorgen sich,https://www.gefluegelnews.de/article/ausbreitung-tierseuchen-auch-schweinehalter-sorgen-sich,2023-09-07,2026-05-29T09:45:56.848393+00:00,African swine fever,viral,Sweden,true,wild boars,,7,,,,,confirmed,high,"First-time detection of African swine fever in Sweden, a highly contagious and economically damaging disease.",high,The disease is described as a lethal virus causing significant economic concerns for the agricultural sector.,local,The outbreak is currently identified in wild boars in the Fagersta area.,true,The outbreak has caused significant concern among pig farmers regarding potential economic damages.,,[],[]
gefluegelnews:aussteller-portrait-auf-der-70-grenzland-gefluegelschau-des-rgzv-kleve,gefluegelnews,Gefluegelnews,Aussteller-Portrait auf der 70. Grenzland-Geflügelschau des RGZV Kleve,https://www.gefluegelnews.de/article/aussteller-portrait-auf-der-70-grenzland-gefluegelschau-des-rgzv-kleve,2022-10-15,2026-05-29T09:46:02.585257+00:00,Avian influenza,viral,Germany,true,,,,,,,,,low,"The report mentions the impact of avian influenza on animal transport for a poultry exhibition, but does not describe an active outbreak or clinical cases.",low,"The disease caused the cancellation of participation by Dutch breeders at an exhibition, but no animal deaths or infections are reported.",local,The impact is limited to the participation of breeders at a local exhibition in Kleve.,true,"Dutch breeders were unable to transport animals to the exhibition in Kleve due to avian influenza developments, leading to cancellations.",,[],[]
gefluegelnews:australien-vogelgrippe-im-bundesstaat-victoria,gefluegelnews,Gefluegelnews,Australien: Vogelgrippe im Bundesstaat Victoria,https://www.gefluegelnews.de/article/australien-vogelgrippe-im-bundesstaat-victoria,2024-05-22,2026-05-29T09:46:13.013796+00:00,Avian influenza,viral,Australia,false,poultry,,,,,,,confirmed,high,Outbreak of highly pathogenic avian influenza (HPAI) in a commercial poultry farm.,high,Hundreds of thousands of birds had to be culled to control the outbreak.,regional,The outbreak is localized to a commercial poultry farm in the state of Victoria.,true,Implementation of national response and cost-sharing agreements for disease control; large-scale culling of poultry.,"[""culling of hundreds of thousands of birds""]",,[]
gefluegelnews:australiens-regierung-zieht-durch-kafigverbot-ruckt-naher-und-bringt-geflugelhalter-auf-die-barrikaden,gefluegelnews,Gefluegelnews,Australiens Regierung zieht durch: Käfigverbot rückt näher und bringt Geflügelhalter auf die Barrikaden,https://www.gefluegelnews.de/article/australiens-regierung-zieht-durch-kafigverbot-ruckt-naher-und-bringt-geflugelhalter-auf-die-barrikaden,2026-04-15,2026-05-29T09:46:14.914818+00:00,Avian influenza,viral,Australia,false,poultry,,,,,,,,low,"The text mentions avian influenza only as a past event that prompted recent investments in poultry facilities, not as an active outbreak.",,,,,false,,[],[],[]
gefluegelnews:aut-munster-mit-bollis-punkten-in-sachen-biosicherheit,gefluegelnews,Gefluegelnews,AUT Münster: Mit „Böllis“ punkten in Sachen Biosicherheit,https://www.gefluegelnews.de/article/aut-munster-mit-bollis-punkten-in-sachen-biosicherheit,2026-02-06,2026-05-29T09:46:19.622393+00:00,,,Germany,true,poultry,,,,,,,,low,The text discusses agricultural equipment and bedding materials for poultry rather than an active disease outbreak.,,,,,false,,[],"[{""prevention_type"": ""biosecurity"", ""raw_evidence"": ""„Auch hiermit kann Biosicherheit optimiert werden“, sagt Bernd Bösing."", ""text"": ""use of straw structure pellets to improve biosecurity""}, {""prevention_type"": ""biosecurity"", ""raw_evidence"": ""Der Ansatz für Beides: So brauchen keine Geräte oder Maschinen in den Stall herein und wieder herausgebracht werden während eines Durchgangs."", ""text"": ""automated distribution system and stall robot to minimize equipment movement in the stall""}]",[]
gefluegelnews:aviare-influenza-impfen-problem-gelost,gefluegelnews,Gefluegelnews,"Aviäre Influenza: „Impfen! – Problem gelöst?""",https://www.gefluegelnews.de/article/aviare-influenza-impfen-problem-gelost,2023-01-14,2026-05-29T09:46:25.995120+00:00,Avian influenza,viral,Germany,true,poultry,,,,,,,,medium,"The text discusses expert strategies, legal frameworks, and vaccination policies for managing avian influenza in poultry.",,,national,,true,The text mentions the economic significance of avian influenza for the Lower Saxony Animal Disease Fund and the resulting financial implications for farmers and the state.,,"[{""prevention_type"": ""vaccination"", ""raw_evidence"": ""Impfen statt Töten muss baldmöglichst Wirklichkeit werden!"", ""text"": ""vaccination""}, {""prevention_type"": ""surveillance"", ""raw_evidence"": ""Wie Früherkennungssysteme und Umgebungsmonitoring helfen können, der Impfung ein Stück näher zu kommen."", ""text"": ""early detection systems and environmental monitoring""}]",[]
gefluegelnews:backhaus-fordert-impfung-gegen-vogelgrippe-warum-ist-das-in-deutschland-nicht-moglich,gefluegelnews,Gefluegelnews,Backhaus fordert Impfung gegen Vogelgrippe – „Warum ist das in Deutschland nicht möglich?“,https://www.gefluegelnews.de/article/backhaus-fordert-impfung-gegen-vogelgrippe-warum-ist-das-in-deutschland-nicht-moglich,2025-10-30,2026-05-29T09:46:26.964568+00:00,Avian influenza,viral,Germany,true,poultry,,,,,,,ongoing,high,Ongoing outbreaks of highly pathogenic H5N1 avian influenza in Germany pose a significant threat to the poultry industry.,medium,The situation is described as a difficult epidemic state with ongoing outbreaks requiring constant veterinary vigilance.,regional,"The report focuses on the situation in Mecklenburg-Vorpommern, Germany, while discussing national policy implications.",true,"Economic and animal welfare concerns regarding mass culling and prolonged confinement (stallpflicht) of poultry, and potential trade restrictions on vaccinated animals.","[""culling"", ""confinement (stallpflicht)"", ""disposal of dead animals""]","[{""prevention_type"": ""biosecurity"", ""raw_evidence"": ""Backhaus mahnte die Geflügelhalter eindringlich, alle Biosicherheitsmaßnahmen konsequent einzuhalten."", ""text"": ""strict adherence to biosecurity measures""}, {""prevention_type"": ""vaccination"", ""raw_evidence"": ""Statt Massenkeulung sollen Ringimpfungen das Virus eindämmen."", ""text"": ""vaccination (ring vaccination)""}, {""prevention_type"": ""movement_control"", ""raw_evidence"": ""Mit Blick auf die bevorstehenden Weihnachtsfeiertage rief Backhaus die Betriebe auf, schlachtreife Bestände rechtzeitig zu vermarkten."", ""text"": ""timely marketing of slaughter-ready stocks""}]",[]
gefluegelnews:bayern-erhoht-warnstufe-wegen-geflugelpest,gefluegelnews,Gefluegelnews,Bayern erhöht Warnstufe wegen Geflügelpest,https://www.gefluegelnews.de/article/bayern-erhoht-warnstufe-wegen-geflugelpest,2025-02-19,2026-05-29T09:46:45.609481+00:00,Avian influenza,viral,Germany,true,wild birds and poultry,,,,,,,ongoing,high,The risk of highly pathogenic avian influenza (HPAIV) entry into poultry farms is classified as high by Bavarian authorities.,high,The risk level is officially classified as high due to widespread virus circulation among wild birds and confirmed infections in poultry holdings and zoos.,regional,The report focuses on the increased risk and confirmed cases within the German state of Bavaria.,false,,[],"[{""prevention_type"": ""biosecurity"", ""raw_evidence"": ""Geflügelhalter müssen verstärkt auf Biosicherheit achten."", ""text"": ""enhanced biosecurity measures""}, {""prevention_type"": ""surveillance"", ""raw_evidence"": ""Geflügelhalter sollten ihre Tiere genau beobachten und bei Krankheitssymptomen sofort einen Tierarzt konsultieren."", ""text"": ""monitoring animals for symptoms and consulting a veterinarian""}, {""prevention_type"": ""surveillance"", ""raw_evidence"": ""Im Verdachtsfall ist das zuständige Veterinäramt zu informieren."", ""text"": ""reporting suspected cases to the veterinary office""}]",[]
gefluegelnews:bedrohung-im-huhnerstall-mit-vereinten-kraften-gegen-die-rote-vogelmilbe,gefluegelnews,Gefluegelnews,Bedrohung im Hühnerstall: Mit vereinten Kräften gegen die Rote Vogelmilbe,https://www.gefluegelnews.de/article/bedrohung-im-huhnerstall-mit-vereinten-kraften-gegen-die-rote-vogelmilbe,2025-05-13,2026-05-29T09:46:50.237283+00:00,Rote Vogelmilbe,parasitic,Germany,true,Geflügel,,,,,,,,medium,The red poultry mite is a widespread parasite in poultry farming that impacts animal welfare and can act as a vector for other diseases.,medium,"Heavy infestations can lead to anemia and death in poultry, and cause significant economic and health issues.",national,The text states the mite is a major problem in almost all poultry farms in Germany.,true,"Economic losses due to reduced animal health and productivity, and potential health issues for animal keepers (dermatitis).",,"[{""prevention_type"": ""vaccination"", ""raw_evidence"": ""Deshalb ist eine Behandlung übers Trinkwasser vorzuziehen, da alle Tiere gleichmäßig behandelt werden können. Besonders geeignet ist ein Wirkstoff aus der Gruppe der Isoxazoline: Fluralaner"", ""text"": ""Behandlung übers Trinkwasser mit Fluralaner""}]",[]
gefluegelnews:bekampfung-geflugelpest-bisheriges-system-nicht-mehr-bezahlbar,gefluegelnews,Gefluegelnews,Bekämpfung Geflügelpest: Bisheriges System nicht mehr bezahlbar?,https://www.gefluegelnews.de/article/bekampfung-geflugelpest-bisheriges-system-nicht-mehr-bezahlbar,2023-02-14,2026-05-29T09:46:56.617650+00:00,Avian influenza,viral,Germany,true,poultry,,,2500000,,,,ongoing,high,"The report discusses the significant economic and veterinary impact of highly pathogenic avian influenza in Lower Saxony, Germany's largest poultry-producing state.",high,Over 2.5 million animals had to be culled between November 2020 and the present due to avian influenza outbreaks in the region.,regional,The report focuses specifically on the impact and management of the disease within the German state of Lower Saxony.,true,"Significant financial burden on poultry farmers due to increased contributions to the animal disease fund (TSK), reduced EU co-financing, and potential future regionalized contribution models.","[""culling of infected flocks"", ""biosecurity requirements"", ""reduction of compensation payments for biosecurity failures""]","[{""prevention_type"": ""biosecurity"", ""raw_evidence"": ""Dr. Ursula Gerdes... führt dies neben verbesserten Biosicherheitsmaßnahmen der Betriebe auf den vielen Regen zurück"", ""text"": ""improved biosecurity measures""}, {""prevention_type"": ""vaccination"", ""raw_evidence"": ""Die Impfung ist aus Sicht der TSK Niedersachsen ein wichtiges Instrument der AI-Bekämpfung"", ""text"": ""vaccination""}, {""prevention_type"": ""biosecurity"", ""raw_evidence"": ""Die TSK fördert zum Bespiel ein Forschungsprojekt der TiHo Hannover, bei dem eine Zuluftfilterung für Putenställe entwickelt werden soll."", ""text"": ""inlet air filtration for turkey barns""}]",[]
